Feature_1,Feature_2,Feature_3,Feature_4,Feature_5,Feature_6,Feature_7,Feature_8,Feature_9,Feature_10,Feature_11,Feature_12,Feature_13,Feature_14,Feature_15,Feature_16,Feature_17,Feature_18,Feature_19,Feature_20,corr_amp,corr_length,noise
0.05566639280432827,0.9857676058248134,0.8000184814484173,0.8688090716314495,0.6942942781429461,0.18605003280869947,0.031028442418032265,0.8646566077360136,0.3963306537361231,0.2638648760399199,0.5616729588389444,0.42089852247571935,0.651665995687557,0.4837932330545136,0.6972331404402706,0.8534232695091429,0.0,0.0,0.0,0.0,0.5,10,0.1
